metric,measure
hours,182.66449999999995
cost_USD,446.54544370500014
