provider,model,completions_total,completions_left,time_left_min,cost_left
microsoft,phi3.5,600,369,196.35719999999995,0
mistralai,open-mistral-7b,600,-42,-5.437358490566038,-0.026037735849056602
openai,gpt-4,600,399,239.32059701492537,50.57970149253732
openai,o1,100,70,108.75666666666666,25.456666666666667
