provider,model,completions_total,completions_left,time_left_min,cost_left
openai,gpt-4,600,399,239.32059701492537,50.57970149253732
openai,o1,100,70,108.75666666666666,25.456666666666667
