metric,measure
hours,162.12583333333336
cost_USD,409.3808612800001
