metric,measure
hours,156.61583333333334
cost_USD,386.12793398
