metric,measure
hours,188.10533333333328
cost_USD,463.7227623050001
