metric,measure
hours,192.97799999999995
cost_USD,432.059496005
