metric,measure
hours,180.0971666666666
cost_USD,445.7368940050001
