metric,measure
hours,185.98133333333325
cost_USD,457.00371930500006
