metric,measure
hours,192.97799999999992
cost_USD,474.90165030500015
