metric,measure
hours,170.22566666666665
cost_USD,437.44907503
