metric,measure
hours,167.94500000000002
cost_USD,430.57095253
