metric,measure
hours,178.67033333333328
cost_USD,445.57956271750004
