metric,measure
hours,150.68966666666668
cost_USD,295.28475035
