metric,measure
hours,153.26800000000003
cost_USD,374.32621535000004
