metric,measure
hours,156.60800000000003
cost_USD,385.71226228000006
