model,N,sig.count,sig.rate
gemini-2.5-pro-preview-03-25,26,18,0.6923076923076923
claude-3-7-sonnet-20250219-think=low,26,16,0.6153846153846154
claude-sonnet-4-20250514,26,15,0.5769230769230769
claude-3-7-sonnet-20250219-think=high,26,13,0.5
deepseek-reasoner,26,9,0.34615384615384615
